{
	"name" : "Análise da Solução",
	"objects": [
	{
		"index" : "0",
		"name" : "Utilize os equipamentos e seus conhecimentos de química analítica para descobrir a classe do composto em solução no Béquer em seu INVENTÁRIO.",
		"isDone" : "False",
		"numberOfPrerequisites" : "0"
	},
	{
		"index" : "1",
		"name" : "Com o auxílio dos equipamentos, descubra qual é o composto presente na solução.",
		"isDone" : "False",
		"numberOfPrerequisites" : "1",
		"indexPrerequisiteOf" : ["0"]
	},
	{
		"index" : "2",
		"name" : "Calcule a concentração percentual da amostra, em gramas por 100ml.",
		"isDone" : "False",
		"numberOfPrerequisites" : "1",
		"indexPrerequisiteOf" : ["1"]
	}]
}